filePath;Package Name;Class Name;TLOC;TASSERT;TCM
C:\Users\Simo\eclipse-workspace\3913TP1\src\main\java\com\TP1\jfreechart-master\src\test\java\org\jfree\chart\annotations\CategoryLineAnnotationTest.java;org.jfree.chart.annotations;CategoryLineAnnotationTest;160;27;5,93
C:\Users\Simo\eclipse-workspace\3913TP1\src\main\java\com\TP1\jfreechart-master\src\test\java\org\jfree\chart\annotations\CategoryPointerAnnotationTest.java;org.jfree.chart.annotations;CategoryPointerAnnotationTest;149;30;4,97
C:\Users\Simo\eclipse-workspace\3913TP1\src\main\java\com\TP1\jfreechart-master\src\test\java\org\jfree\chart\annotations\CategoryTextAnnotationTest.java;org.jfree.chart.annotations;CategoryTextAnnotationTest;114;14;8,14
C:\Users\Simo\eclipse-workspace\3913TP1\src\main\java\com\TP1\jfreechart-master\src\test\java\org\jfree\chart\annotations\TextAnnotationTest.java;org.jfree.chart.annotations;TextAnnotationTest;154;16;9,63
C:\Users\Simo\eclipse-workspace\3913TP1\src\main\java\com\TP1\jfreechart-master\src\test\java\org\jfree\chart\annotations\XYBoxAnnotationTest.java;org.jfree.chart.annotations;XYBoxAnnotationTest;198;22;9,00
C:\Users\Simo\eclipse-workspace\3913TP1\src\main\java\com\TP1\jfreechart-master\src\test\java\org\jfree\chart\annotations\XYDrawableAnnotationTest.java;org.jfree.chart.annotations;XYDrawableAnnotationTest;176;18;9,78
C:\Users\Simo\eclipse-workspace\3913TP1\src\main\java\com\TP1\jfreechart-master\src\test\java\org\jfree\chart\annotations\XYImageAnnotationTest.java;org.jfree.chart.annotations;XYImageAnnotationTest;41;10;4,10
C:\Users\Simo\eclipse-workspace\3913TP1\src\main\java\com\TP1\jfreechart-master\src\test\java\org\jfree\chart\annotations\XYLineAnnotationTest.java;org.jfree.chart.annotations;XYLineAnnotationTest;181;33;5,48
C:\Users\Simo\eclipse-workspace\3913TP1\src\main\java\com\TP1\jfreechart-master\src\test\java\org\jfree\chart\annotations\XYPointerAnnotationTest.java;org.jfree.chart.annotations;XYPointerAnnotationTest;149;30;4,97
C:\Users\Simo\eclipse-workspace\3913TP1\src\main\java\com\TP1\jfreechart-master\src\test\java\org\jfree\chart\annotations\XYPolygonAnnotationTest.java;org.jfree.chart.annotations;XYPolygonAnnotationTest;145;17;8,53
C:\Users\Simo\eclipse-workspace\3913TP1\src\main\java\com\TP1\jfreechart-master\src\test\java\org\jfree\chart\annotations\XYShapeAnnotationTest.java;org.jfree.chart.annotations;XYShapeAnnotationTest;153;17;9,00
C:\Users\Simo\eclipse-workspace\3913TP1\src\main\java\com\TP1\jfreechart-master\src\test\java\org\jfree\chart\annotations\XYTextAnnotationTest.java;org.jfree.chart.annotations;XYTextAnnotationTest;153;32;4,78
C:\Users\Simo\eclipse-workspace\3913TP1\src\main\java\com\TP1\jfreechart-master\src\test\java\org\jfree\chart\annotations\XYTitleAnnotationTest.java;org.jfree.chart.annotations;XYTitleAnnotationTest;142;14;10,14
C:\Users\Simo\eclipse-workspace\3913TP1\src\main\java\com\TP1\jfreechart-master\src\test\java\org\jfree\chart\api\RectangleAlignmentTest.java;org.jfree.chart.api;RectangleAlignmentTest;87;13;6,69
C:\Users\Simo\eclipse-workspace\3913TP1\src\main\java\com\TP1\jfreechart-master\src\test\java\org\jfree\chart\AreaChartTest.java;org.jfree.chart;AreaChartTest;165;10;16,50
C:\Users\Simo\eclipse-workspace\3913TP1\src\main\java\com\TP1\jfreechart-master\src\test\java\org\jfree\chart\axis\AxisLocationTest.java;org.jfree.chart.axis;AxisLocationTest;79;10;7,90
C:\Users\Simo\eclipse-workspace\3913TP1\src\main\java\com\TP1\jfreechart-master\src\test\java\org\jfree\chart\axis\AxisSpaceTest.java;org.jfree.chart.axis;AxisSpaceTest;96;14;6,86
C:\Users\Simo\eclipse-workspace\3913TP1\src\main\java\com\TP1\jfreechart-master\src\test\java\org\jfree\chart\axis\AxisTest.java;org.jfree.chart.axis;AxisTest;215;61;3,52
C:\Users\Simo\eclipse-workspace\3913TP1\src\main\java\com\TP1\jfreechart-master\src\test\java\org\jfree\chart\axis\CategoryAnchorTest.java;org.jfree.chart.axis;CategoryAnchorTest;77;9;8,56
C:\Users\Simo\eclipse-workspace\3913TP1\src\main\java\com\TP1\jfreechart-master\src\test\java\org\jfree\chart\axis\CategoryAxisTest.java;org.jfree.chart.axis;CategoryAxisTest;163;38;4,29
C:\Users\Simo\eclipse-workspace\3913TP1\src\main\java\com\TP1\jfreechart-master\src\test\java\org\jfree\chart\axis\CategoryLabelPositionsTest.java;org.jfree.chart.axis;CategoryLabelPositionsTest;161;12;13,42
C:\Users\Simo\eclipse-workspace\3913TP1\src\main\java\com\TP1\jfreechart-master\src\test\java\org\jfree\chart\axis\CategoryLabelPositionTest.java;org.jfree.chart.axis;CategoryLabelPositionTest;132;17;7,76
C:\Users\Simo\eclipse-workspace\3913TP1\src\main\java\com\TP1\jfreechart-master\src\test\java\org\jfree\chart\axis\CategoryLabelWidthTypeTest.java;org.jfree.chart.axis;CategoryLabelWidthTypeTest;76;6;12,67
C:\Users\Simo\eclipse-workspace\3913TP1\src\main\java\com\TP1\jfreechart-master\src\test\java\org\jfree\chart\axis\CategoryTickTest.java;org.jfree.chart.axis;CategoryTickTest;127;17;7,47
C:\Users\Simo\eclipse-workspace\3913TP1\src\main\java\com\TP1\jfreechart-master\src\test\java\org\jfree\chart\axis\CyclicNumberAxisTest.java;org.jfree.chart.axis;CyclicNumberAxisTest;116;19;6,11
C:\Users\Simo\eclipse-workspace\3913TP1\src\main\java\com\TP1\jfreechart-master\src\test\java\org\jfree\chart\axis\DateAxisTest.java;org.jfree.chart.axis;DateAxisTest;981;203;4,83
C:\Users\Simo\eclipse-workspace\3913TP1\src\main\java\com\TP1\jfreechart-master\src\test\java\org\jfree\chart\axis\DateTickMarkPositionTest.java;org.jfree.chart.axis;DateTickMarkPositionTest;78;10;7,80
C:\Users\Simo\eclipse-workspace\3913TP1\src\main\java\com\TP1\jfreechart-master\src\test\java\org\jfree\chart\axis\DateTickTest.java;org.jfree.chart.axis;DateTickTest;122;19;6,42
C:\Users\Simo\eclipse-workspace\3913TP1\src\main\java\com\TP1\jfreechart-master\src\test\java\org\jfree\chart\axis\DateTickUnitTest.java;org.jfree.chart.axis;DateTickUnitTest;75;6;12,50
C:\Users\Simo\eclipse-workspace\3913TP1\src\main\java\com\TP1\jfreechart-master\src\test\java\org\jfree\chart\axis\ExtendedCategoryAxisTest.java;org.jfree.chart.axis;ExtendedCategoryAxisTest;133;24;5,54
C:\Users\Simo\eclipse-workspace\3913TP1\src\main\java\com\TP1\jfreechart-master\src\test\java\org\jfree\chart\axis\LogarithmicAxisTest.java;org.jfree.chart.axis;LogarithmicAxisTest;196;15;13,07
C:\Users\Simo\eclipse-workspace\3913TP1\src\main\java\com\TP1\jfreechart-master\src\test\java\org\jfree\chart\axis\LogAxisTest.java;org.jfree.chart.axis;LogAxisTest;252;35;7,20
C:\Users\Simo\eclipse-workspace\3913TP1\src\main\java\com\TP1\jfreechart-master\src\test\java\org\jfree\chart\axis\MarkerAxisBandTest.java;org.jfree.chart.axis;MarkerAxisBandTest;98;14;7,00
C:\Users\Simo\eclipse-workspace\3913TP1\src\main\java\com\TP1\jfreechart-master\src\test\java\org\jfree\chart\axis\ModuloAxisTest.java;org.jfree.chart.axis;ModuloAxisTest;90;9;10,00
C:\Users\Simo\eclipse-workspace\3913TP1\src\main\java\com\TP1\jfreechart-master\src\test\java\org\jfree\chart\axis\MonthDateFormatTest.java;org.jfree.chart.axis;MonthDateFormatTest;124;18;6,89
C:\Users\Simo\eclipse-workspace\3913TP1\src\main\java\com\TP1\jfreechart-master\src\test\java\org\jfree\chart\axis\NumberAxisTest.java;org.jfree.chart.axis;NumberAxisTest;305;61;5,00
C:\Users\Simo\eclipse-workspace\3913TP1\src\main\java\com\TP1\jfreechart-master\src\test\java\org\jfree\chart\axis\NumberTickUnitTest.java;org.jfree.chart.axis;NumberTickUnitTest;91;9;10,11
C:\Users\Simo\eclipse-workspace\3913TP1\src\main\java\com\TP1\jfreechart-master\src\test\java\org\jfree\chart\axis\PeriodAxisLabelInfoTest.java;org.jfree.chart.axis;PeriodAxisLabelInfoTest;169;26;6,50
C:\Users\Simo\eclipse-workspace\3913TP1\src\main\java\com\TP1\jfreechart-master\src\test\java\org\jfree\chart\axis\PeriodAxisTest.java;org.jfree.chart.axis;PeriodAxisTest;252;46;5,48
C:\Users\Simo\eclipse-workspace\3913TP1\src\main\java\com\TP1\jfreechart-master\src\test\java\org\jfree\chart\axis\QuarterDateFormatTest.java;org.jfree.chart.axis;QuarterDateFormatTest;112;14;8,00
C:\Users\Simo\eclipse-workspace\3913TP1\src\main\java\com\TP1\jfreechart-master\src\test\java\org\jfree\chart\axis\StandardTickUnitSourceTest.java;org.jfree.chart.axis;StandardTickUnitSourceTest;63;4;15,75
C:\Users\Simo\eclipse-workspace\3913TP1\src\main\java\com\TP1\jfreechart-master\src\test\java\org\jfree\chart\axis\SubCategoryAxisTest.java;org.jfree.chart.axis;SubCategoryAxisTest;133;15;8,87
C:\Users\Simo\eclipse-workspace\3913TP1\src\main\java\com\TP1\jfreechart-master\src\test\java\org\jfree\chart\axis\SymbolAxisTest.java;org.jfree.chart.axis;SymbolAxisTest;97;16;6,06
C:\Users\Simo\eclipse-workspace\3913TP1\src\main\java\com\TP1\jfreechart-master\src\test\java\org\jfree\chart\axis\TickUnitsTest.java;org.jfree.chart.axis;TickUnitsTest;80;6;13,33
C:\Users\Simo\eclipse-workspace\3913TP1\src\main\java\com\TP1\jfreechart-master\src\test\java\org\jfree\chart\axis\ValueAxisTest.java;org.jfree.chart.axis;ValueAxisTest;191;39;4,90
C:\Users\Simo\eclipse-workspace\3913TP1\src\main\java\com\TP1\jfreechart-master\src\test\java\org\jfree\chart\BarChartTest.java;org.jfree.chart;BarChartTest;162;6;27,00
C:\Users\Simo\eclipse-workspace\3913TP1\src\main\java\com\TP1\jfreechart-master\src\test\java\org\jfree\chart\block\AbstractBlockTest.java;org.jfree.chart.block;AbstractBlockTest;125;27;4,63
C:\Users\Simo\eclipse-workspace\3913TP1\src\main\java\com\TP1\jfreechart-master\src\test\java\org\jfree\chart\block\BlockBorderTest.java;org.jfree.chart.block;BlockBorderTest;91;8;11,38
C:\Users\Simo\eclipse-workspace\3913TP1\src\main\java\com\TP1\jfreechart-master\src\test\java\org\jfree\chart\block\BlockContainerTest.java;org.jfree.chart.block;BlockContainerTest;85;10;8,50
C:\Users\Simo\eclipse-workspace\3913TP1\src\main\java\com\TP1\jfreechart-master\src\test\java\org\jfree\chart\block\BorderArrangementTest.java;org.jfree.chart.block;BorderArrangementTest;581;154;3,77
C:\Users\Simo\eclipse-workspace\3913TP1\src\main\java\com\TP1\jfreechart-master\src\test\java\org\jfree\chart\block\ColorBlockTest.java;org.jfree.chart.block;ColorBlockTest;105;15;7,00
C:\Users\Simo\eclipse-workspace\3913TP1\src\main\java\com\TP1\jfreechart-master\src\test\java\org\jfree\chart\block\ColumnArrangementTest.java;org.jfree.chart.block;ColumnArrangementTest;100;12;8,33
C:\Users\Simo\eclipse-workspace\3913TP1\src\main\java\com\TP1\jfreechart-master\src\test\java\org\jfree\chart\block\EmptyBlockTest.java;org.jfree.chart.block;EmptyBlockTest;89;11;8,09
C:\Users\Simo\eclipse-workspace\3913TP1\src\main\java\com\TP1\jfreechart-master\src\test\java\org\jfree\chart\block\FlowArrangementTest.java;org.jfree.chart.block;FlowArrangementTest;100;12;8,33
C:\Users\Simo\eclipse-workspace\3913TP1\src\main\java\com\TP1\jfreechart-master\src\test\java\org\jfree\chart\block\GridArrangementTest.java;org.jfree.chart.block;GridArrangementTest;268;38;7,05
C:\Users\Simo\eclipse-workspace\3913TP1\src\main\java\com\TP1\jfreechart-master\src\test\java\org\jfree\chart\block\LabelBlockTest.java;org.jfree.chart.block;LabelBlockTest;120;20;6,00
C:\Users\Simo\eclipse-workspace\3913TP1\src\main\java\com\TP1\jfreechart-master\src\test\java\org\jfree\chart\block\LineBorderTest.java;org.jfree.chart.block;LineBorderTest;97;10;9,70
C:\Users\Simo\eclipse-workspace\3913TP1\src\main\java\com\TP1\jfreechart-master\src\test\java\org\jfree\chart\block\RectangleConstraintTest.java;org.jfree.chart.block;RectangleConstraintTest;109;19;5,74
C:\Users\Simo\eclipse-workspace\3913TP1\src\main\java\com\TP1\jfreechart-master\src\test\java\org\jfree\chart\ChartRenderingInfoTest.java;org.jfree.chart;ChartRenderingInfoTest;116;16;7,25
C:\Users\Simo\eclipse-workspace\3913TP1\src\main\java\com\TP1\jfreechart-master\src\test\java\org\jfree\chart\entity\CategoryItemEntityTest.java;org.jfree.chart.entity;CategoryItemEntityTest;111;11;10,09
C:\Users\Simo\eclipse-workspace\3913TP1\src\main\java\com\TP1\jfreechart-master\src\test\java\org\jfree\chart\entity\CategoryLabelEntityTest.java;org.jfree.chart.entity;CategoryLabelEntityTest;97;13;7,46
C:\Users\Simo\eclipse-workspace\3913TP1\src\main\java\com\TP1\jfreechart-master\src\test\java\org\jfree\chart\entity\FlowEntityTest.java;org.jfree.chart.entity;FlowEntityTest;94;14;6,71
C:\Users\Simo\eclipse-workspace\3913TP1\src\main\java\com\TP1\jfreechart-master\src\test\java\org\jfree\chart\entity\LegendItemEntityTest.java;org.jfree.chart.entity;LegendItemEntityTest;100;15;6,67
C:\Users\Simo\eclipse-workspace\3913TP1\src\main\java\com\TP1\jfreechart-master\src\test\java\org\jfree\chart\entity\PieSectionEntityTest.java;org.jfree.chart.entity;PieSectionEntityTest;112;19;5,89
C:\Users\Simo\eclipse-workspace\3913TP1\src\main\java\com\TP1\jfreechart-master\src\test\java\org\jfree\chart\entity\StandardEntityCollectionTest.java;org.jfree.chart.entity;StandardEntityCollectionTest;99;9;11,00
C:\Users\Simo\eclipse-workspace\3913TP1\src\main\java\com\TP1\jfreechart-master\src\test\java\org\jfree\chart\entity\TickLabelEntityTest.java;org.jfree.chart.entity;TickLabelEntityTest;91;11;8,27
C:\Users\Simo\eclipse-workspace\3913TP1\src\main\java\com\TP1\jfreechart-master\src\test\java\org\jfree\chart\entity\XYItemEntityTest.java;org.jfree.chart.entity;XYItemEntityTest;104;15;6,93
C:\Users\Simo\eclipse-workspace\3913TP1\src\main\java\com\TP1\jfreechart-master\src\test\java\org\jfree\chart\GanttChartTest.java;org.jfree.chart;GanttChartTest;263;4;65,75
C:\Users\Simo\eclipse-workspace\3913TP1\src\main\java\com\TP1\jfreechart-master\src\test\java\org\jfree\chart\imagemap\DynamicDriveToolTipTagFragmentGeneratorTest.java;org.jfree.chart.imagemap;DynamicDriveToolTipTagFragmentGeneratorTest;61;3;20,33
C:\Users\Simo\eclipse-workspace\3913TP1\src\main\java\com\TP1\jfreechart-master\src\test\java\org\jfree\chart\imagemap\ImageMapUtilsTest.java;org.jfree.chart.imagemap;ImageMapUtilsTest;107;19;5,63
C:\Users\Simo\eclipse-workspace\3913TP1\src\main\java\com\TP1\jfreechart-master\src\test\java\org\jfree\chart\imagemap\OverLIBToolTipTagFragmentGeneratorTest.java;org.jfree.chart.imagemap;OverLIBToolTipTagFragmentGeneratorTest;61;3;20,33
C:\Users\Simo\eclipse-workspace\3913TP1\src\main\java\com\TP1\jfreechart-master\src\test\java\org\jfree\chart\imagemap\StandardToolTipTagFragmentGeneratorTest.java;org.jfree.chart.imagemap;StandardToolTipTagFragmentGeneratorTest;59;3;19,67
C:\Users\Simo\eclipse-workspace\3913TP1\src\main\java\com\TP1\jfreechart-master\src\test\java\org\jfree\chart\imagemap\StandardURLTagFragmentGeneratorTest.java;org.jfree.chart.imagemap;StandardURLTagFragmentGeneratorTest;60;4;15,00
C:\Users\Simo\eclipse-workspace\3913TP1\src\main\java\com\TP1\jfreechart-master\src\test\java\org\jfree\chart\internal\ArgsTest.java;org.jfree.chart.internal;ArgsTest;54;3;18,00
C:\Users\Simo\eclipse-workspace\3913TP1\src\main\java\com\TP1\jfreechart-master\src\test\java\org\jfree\chart\internal\CloneUtilsTest.java;org.jfree.chart.internal;CloneUtilsTest;78;5;15,60
C:\Users\Simo\eclipse-workspace\3913TP1\src\main\java\com\TP1\jfreechart-master\src\test\java\org\jfree\chart\internal\HashUtilsTest.java;org.jfree.chart.internal;HashUtilsTest;57;2;28,50
C:\Users\Simo\eclipse-workspace\3913TP1\src\main\java\com\TP1\jfreechart-master\src\test\java\org\jfree\chart\internal\LineUtilsTest.java;org.jfree.chart.internal;LineUtilsTest;120;36;3,33
C:\Users\Simo\eclipse-workspace\3913TP1\src\main\java\com\TP1\jfreechart-master\src\test\java\org\jfree\chart\internal\SerialUtilsTest.java;org.jfree.chart.internal;SerialUtilsTest;110;5;22,00
C:\Users\Simo\eclipse-workspace\3913TP1\src\main\java\com\TP1\jfreechart-master\src\test\java\org\jfree\chart\internal\ShapeUtilsTest.java;org.jfree.chart.internal;ShapeUtilsTest;120;17;7,06
C:\Users\Simo\eclipse-workspace\3913TP1\src\main\java\com\TP1\jfreechart-master\src\test\java\org\jfree\chart\JFreeChartTest.java;org.jfree.chart;JFreeChartTest;380;52;7,31
C:\Users\Simo\eclipse-workspace\3913TP1\src\main\java\com\TP1\jfreechart-master\src\test\java\org\jfree\chart\labels\BoxAndWhiskerToolTipGeneratorTest.java;org.jfree.chart.labels;BoxAndWhiskerToolTipGeneratorTest;108;12;9,00
C:\Users\Simo\eclipse-workspace\3913TP1\src\main\java\com\TP1\jfreechart-master\src\test\java\org\jfree\chart\labels\BoxAndWhiskerXYToolTipGeneratorTest.java;org.jfree.chart.labels;BoxAndWhiskerXYToolTipGeneratorTest;127;15;8,47
C:\Users\Simo\eclipse-workspace\3913TP1\src\main\java\com\TP1\jfreechart-master\src\test\java\org\jfree\chart\labels\BubbleXYItemLabelGeneratorTest.java;org.jfree.chart.labels;BubbleXYItemLabelGeneratorTest;163;27;6,04
C:\Users\Simo\eclipse-workspace\3913TP1\src\main\java\com\TP1\jfreechart-master\src\test\java\org\jfree\chart\labels\CustomXYItemLabelGeneratorTest.java;org.jfree.chart.labels;CustomXYItemLabelGeneratorTest;87;5;17,40
C:\Users\Simo\eclipse-workspace\3913TP1\src\main\java\com\TP1\jfreechart-master\src\test\java\org\jfree\chart\labels\HighLowItemLabelGeneratorTest.java;org.jfree.chart.labels;HighLowItemLabelGeneratorTest;109;13;8,38
C:\Users\Simo\eclipse-workspace\3913TP1\src\main\java\com\TP1\jfreechart-master\src\test\java\org\jfree\chart\labels\IntervalCategoryItemLabelGeneratorTest.java;org.jfree.chart.labels;IntervalCategoryItemLabelGeneratorTest;117;13;9,00
C:\Users\Simo\eclipse-workspace\3913TP1\src\main\java\com\TP1\jfreechart-master\src\test\java\org\jfree\chart\labels\IntervalCategoryToolTipGeneratorTest.java;org.jfree.chart.labels;IntervalCategoryToolTipGeneratorTest;131;14;9,36
C:\Users\Simo\eclipse-workspace\3913TP1\src\main\java\com\TP1\jfreechart-master\src\test\java\org\jfree\chart\labels\ItemLabelAnchorTest.java;org.jfree.chart.labels;ItemLabelAnchorTest;61;3;20,33
C:\Users\Simo\eclipse-workspace\3913TP1\src\main\java\com\TP1\jfreechart-master\src\test\java\org\jfree\chart\labels\ItemLabelPositionTest.java;org.jfree.chart.labels;ItemLabelPositionTest;67;3;22,33
C:\Users\Simo\eclipse-workspace\3913TP1\src\main\java\com\TP1\jfreechart-master\src\test\java\org\jfree\chart\labels\MultipleXYSeriesLabelGeneratorTest.java;org.jfree.chart.labels;MultipleXYSeriesLabelGeneratorTest;112;15;7,47
C:\Users\Simo\eclipse-workspace\3913TP1\src\main\java\com\TP1\jfreechart-master\src\test\java\org\jfree\chart\labels\StandardCategoryItemLabelGeneratorTest.java;org.jfree.chart.labels;StandardCategoryItemLabelGeneratorTest;156;19;8,21
C:\Users\Simo\eclipse-workspace\3913TP1\src\main\java\com\TP1\jfreechart-master\src\test\java\org\jfree\chart\labels\StandardCategorySeriesLabelGeneratorTest.java;org.jfree.chart.labels;StandardCategorySeriesLabelGeneratorTest;121;12;10,08
C:\Users\Simo\eclipse-workspace\3913TP1\src\main\java\com\TP1\jfreechart-master\src\test\java\org\jfree\chart\labels\StandardCategoryToolTipGeneratorTest.java;org.jfree.chart.labels;StandardCategoryToolTipGeneratorTest;136;16;8,50
C:\Users\Simo\eclipse-workspace\3913TP1\src\main\java\com\TP1\jfreechart-master\src\test\java\org\jfree\chart\labels\StandardFlowLabelGeneratorTest.java;org.jfree.chart.labels;StandardFlowLabelGeneratorTest;64;5;12,80
C:\Users\Simo\eclipse-workspace\3913TP1\src\main\java\com\TP1\jfreechart-master\src\test\java\org\jfree\chart\labels\StandardPieSectionLabelGeneratorTest.java;org.jfree.chart.labels;StandardPieSectionLabelGeneratorTest;137;19;7,21
C:\Users\Simo\eclipse-workspace\3913TP1\src\main\java\com\TP1\jfreechart-master\src\test\java\org\jfree\chart\labels\StandardPieToolTipGeneratorTest.java;org.jfree.chart.labels;StandardPieToolTipGeneratorTest;128;19;6,74
C:\Users\Simo\eclipse-workspace\3913TP1\src\main\java\com\TP1\jfreechart-master\src\test\java\org\jfree\chart\labels\StandardXYItemLabelGeneratorTest.java;org.jfree.chart.labels;StandardXYItemLabelGeneratorTest;156;32;4,88
C:\Users\Simo\eclipse-workspace\3913TP1\src\main\java\com\TP1\jfreechart-master\src\test\java\org\jfree\chart\labels\StandardXYSeriesLabelGeneratorTest.java;org.jfree.chart.labels;StandardXYSeriesLabelGeneratorTest;120;13;9,23
C:\Users\Simo\eclipse-workspace\3913TP1\src\main\java\com\TP1\jfreechart-master\src\test\java\org\jfree\chart\labels\StandardXYToolTipGeneratorTest.java;org.jfree.chart.labels;StandardXYToolTipGeneratorTest;136;21;6,48
C:\Users\Simo\eclipse-workspace\3913TP1\src\main\java\com\TP1\jfreechart-master\src\test\java\org\jfree\chart\labels\StandardXYZToolTipGeneratorTest.java;org.jfree.chart.labels;StandardXYZToolTipGeneratorTest;146;23;6,35
C:\Users\Simo\eclipse-workspace\3913TP1\src\main\java\com\TP1\jfreechart-master\src\test\java\org\jfree\chart\labels\SymbolicXYItemLabelGeneratorTest.java;org.jfree.chart.labels;SymbolicXYItemLabelGeneratorTest;96;9;10,67
C:\Users\Simo\eclipse-workspace\3913TP1\src\main\java\com\TP1\jfreechart-master\src\test\java\org\jfree\chart\legend\LegendGraphicTest.java;org.jfree.chart.legend;LegendGraphicTest;180;41;4,39
C:\Users\Simo\eclipse-workspace\3913TP1\src\main\java\com\TP1\jfreechart-master\src\test\java\org\jfree\chart\legend\LegendTitleTest.java;org.jfree.chart.legend;LegendTitleTest;134;22;6,09
C:\Users\Simo\eclipse-workspace\3913TP1\src\main\java\com\TP1\jfreechart-master\src\test\java\org\jfree\chart\legend\PaintScaleLegendTest.java;org.jfree.chart.legend;PaintScaleLegendTest;144;28;5,14
C:\Users\Simo\eclipse-workspace\3913TP1\src\main\java\com\TP1\jfreechart-master\src\test\java\org\jfree\chart\LegendItemCollectionTest.java;org.jfree.chart;LegendItemCollectionTest;109;9;12,11
C:\Users\Simo\eclipse-workspace\3913TP1\src\main\java\com\TP1\jfreechart-master\src\test\java\org\jfree\chart\LegendItemTest.java;org.jfree.chart;LegendItemTest;308;46;6,70
C:\Users\Simo\eclipse-workspace\3913TP1\src\main\java\com\TP1\jfreechart-master\src\test\java\org\jfree\chart\LineChartTest.java;org.jfree.chart;LineChartTest;159;8;19,88
C:\Users\Simo\eclipse-workspace\3913TP1\src\main\java\com\TP1\jfreechart-master\src\test\java\org\jfree\chart\MeterChartTest.java;org.jfree.chart;MeterChartTest;68;0;0,00
C:\Users\Simo\eclipse-workspace\3913TP1\src\main\java\com\TP1\jfreechart-master\src\test\java\org\jfree\chart\PieChartTest.java;org.jfree.chart;PieChartTest;102;2;51,00
C:\Users\Simo\eclipse-workspace\3913TP1\src\main\java\com\TP1\jfreechart-master\src\test\java\org\jfree\chart\plot\CategoryMarkerTest.java;org.jfree.chart.plot;CategoryMarkerTest;167;26;6,42
C:\Users\Simo\eclipse-workspace\3913TP1\src\main\java\com\TP1\jfreechart-master\src\test\java\org\jfree\chart\plot\CategoryPlotTest.java;org.jfree.chart.plot;CategoryPlotTest;1044;226;4,62
C:\Users\Simo\eclipse-workspace\3913TP1\src\main\java\com\TP1\jfreechart-master\src\test\java\org\jfree\chart\plot\CombinedDomainCategoryPlotTest.java;org.jfree.chart.plot;CombinedDomainCategoryPlotTest;235;9;26,11
C:\Users\Simo\eclipse-workspace\3913TP1\src\main\java\com\TP1\jfreechart-master\src\test\java\org\jfree\chart\plot\CombinedDomainXYPlotTest.java;org.jfree.chart.plot;CombinedDomainXYPlotTest;241;10;24,10
C:\Users\Simo\eclipse-workspace\3913TP1\src\main\java\com\TP1\jfreechart-master\src\test\java\org\jfree\chart\plot\CombinedRangeCategoryPlotTest.java;org.jfree.chart.plot;CombinedRangeCategoryPlotTest;235;8;29,38
C:\Users\Simo\eclipse-workspace\3913TP1\src\main\java\com\TP1\jfreechart-master\src\test\java\org\jfree\chart\plot\CombinedRangeXYPlotTest.java;org.jfree.chart.plot;CombinedRangeXYPlotTest;233;9;25,89
C:\Users\Simo\eclipse-workspace\3913TP1\src\main\java\com\TP1\jfreechart-master\src\test\java\org\jfree\chart\plot\compass\ArrowNeedleTest.java;org.jfree.chart.plot.compass;ArrowNeedleTest;79;8;9,88
C:\Users\Simo\eclipse-workspace\3913TP1\src\main\java\com\TP1\jfreechart-master\src\test\java\org\jfree\chart\plot\compass\CompassPlotTest.java;org.jfree.chart.plot.compass;CompassPlotTest;115;17;6,76
C:\Users\Simo\eclipse-workspace\3913TP1\src\main\java\com\TP1\jfreechart-master\src\test\java\org\jfree\chart\plot\compass\LineNeedleTest.java;org.jfree.chart.plot.compass;LineNeedleTest;75;6;12,50
C:\Users\Simo\eclipse-workspace\3913TP1\src\main\java\com\TP1\jfreechart-master\src\test\java\org\jfree\chart\plot\compass\LongNeedleTest.java;org.jfree.chart.plot.compass;LongNeedleTest;75;6;12,50
C:\Users\Simo\eclipse-workspace\3913TP1\src\main\java\com\TP1\jfreechart-master\src\test\java\org\jfree\chart\plot\compass\MeterNeedleTest.java;org.jfree.chart.plot.compass;MeterNeedleTest;85;15;5,67
C:\Users\Simo\eclipse-workspace\3913TP1\src\main\java\com\TP1\jfreechart-master\src\test\java\org\jfree\chart\plot\compass\MiddlePinNeedleTest.java;org.jfree.chart.plot.compass;MiddlePinNeedleTest;75;6;12,50
C:\Users\Simo\eclipse-workspace\3913TP1\src\main\java\com\TP1\jfreechart-master\src\test\java\org\jfree\chart\plot\compass\PinNeedleTest.java;org.jfree.chart.plot.compass;PinNeedleTest;75;6;12,50
C:\Users\Simo\eclipse-workspace\3913TP1\src\main\java\com\TP1\jfreechart-master\src\test\java\org\jfree\chart\plot\compass\PlumNeedleTest.java;org.jfree.chart.plot.compass;PlumNeedleTest;75;6;12,50
C:\Users\Simo\eclipse-workspace\3913TP1\src\main\java\com\TP1\jfreechart-master\src\test\java\org\jfree\chart\plot\compass\PointerNeedleTest.java;org.jfree.chart.plot.compass;PointerNeedleTest;75;6;12,50
C:\Users\Simo\eclipse-workspace\3913TP1\src\main\java\com\TP1\jfreechart-master\src\test\java\org\jfree\chart\plot\compass\ShipNeedleTest.java;org.jfree.chart.plot.compass;ShipNeedleTest;75;6;12,50
C:\Users\Simo\eclipse-workspace\3913TP1\src\main\java\com\TP1\jfreechart-master\src\test\java\org\jfree\chart\plot\compass\WindNeedleTest.java;org.jfree.chart.plot.compass;WindNeedleTest;75;6;12,50
C:\Users\Simo\eclipse-workspace\3913TP1\src\main\java\com\TP1\jfreechart-master\src\test\java\org\jfree\chart\plot\CrosshairTest.java;org.jfree.chart.plot;CrosshairTest;164;39;4,21
C:\Users\Simo\eclipse-workspace\3913TP1\src\main\java\com\TP1\jfreechart-master\src\test\java\org\jfree\chart\plot\DefaultDrawingSupplierTest.java;org.jfree.chart.plot;DefaultDrawingSupplierTest;158;27;5,85
C:\Users\Simo\eclipse-workspace\3913TP1\src\main\java\com\TP1\jfreechart-master\src\test\java\org\jfree\chart\plot\dial\AbstractDialLayerTest.java;org.jfree.chart.plot.dial;AbstractDialLayerTest;86;11;7,82
C:\Users\Simo\eclipse-workspace\3913TP1\src\main\java\com\TP1\jfreechart-master\src\test\java\org\jfree\chart\plot\dial\ArcDialFrameTest.java;org.jfree.chart.plot.dial;ArcDialFrameTest;129;25;5,16
C:\Users\Simo\eclipse-workspace\3913TP1\src\main\java\com\TP1\jfreechart-master\src\test\java\org\jfree\chart\plot\dial\DialBackgroundTest.java;org.jfree.chart.plot.dial;DialBackgroundTest;126;19;6,63
C:\Users\Simo\eclipse-workspace\3913TP1\src\main\java\com\TP1\jfreechart-master\src\test\java\org\jfree\chart\plot\dial\DialCapTest.java;org.jfree.chart.plot.dial;DialCapTest;134;22;6,09
C:\Users\Simo\eclipse-workspace\3913TP1\src\main\java\com\TP1\jfreechart-master\src\test\java\org\jfree\chart\plot\dial\DialPlotTest.java;org.jfree.chart.plot.dial;DialPlotTest;242;26;9,31
C:\Users\Simo\eclipse-workspace\3913TP1\src\main\java\com\TP1\jfreechart-master\src\test\java\org\jfree\chart\plot\dial\DialPointerTest.java;org.jfree.chart.plot.dial;DialPointerTest;144;24;6,00
C:\Users\Simo\eclipse-workspace\3913TP1\src\main\java\com\TP1\jfreechart-master\src\test\java\org\jfree\chart\plot\dial\DialTextAnnotationTest.java;org.jfree.chart.plot.dial;DialTextAnnotationTest;123;22;5,59
C:\Users\Simo\eclipse-workspace\3913TP1\src\main\java\com\TP1\jfreechart-master\src\test\java\org\jfree\chart\plot\dial\DialValueIndicatorTest.java;org.jfree.chart.plot.dial;DialValueIndicatorTest;160;37;4,32
C:\Users\Simo\eclipse-workspace\3913TP1\src\main\java\com\TP1\jfreechart-master\src\test\java\org\jfree\chart\plot\dial\StandardDialFrameTest.java;org.jfree.chart.plot.dial;StandardDialFrameTest;117;19;6,16
C:\Users\Simo\eclipse-workspace\3913TP1\src\main\java\com\TP1\jfreechart-master\src\test\java\org\jfree\chart\plot\dial\StandardDialRangeTest.java;org.jfree.chart.plot.dial;StandardDialRangeTest;110;17;6,47
C:\Users\Simo\eclipse-workspace\3913TP1\src\main\java\com\TP1\jfreechart-master\src\test\java\org\jfree\chart\plot\dial\StandardDialScaleTest.java;org.jfree.chart.plot.dial;StandardDialScaleTest;211;61;3,46
C:\Users\Simo\eclipse-workspace\3913TP1\src\main\java\com\TP1\jfreechart-master\src\test\java\org\jfree\chart\plot\FastScatterPlotTest.java;org.jfree.chart.plot;FastScatterPlotTest;200;39;5,13
C:\Users\Simo\eclipse-workspace\3913TP1\src\main\java\com\TP1\jfreechart-master\src\test\java\org\jfree\chart\plot\flow\FlowPlotTest.java;org.jfree.chart.plot.flow;FlowPlotTest;240;32;7,50
C:\Users\Simo\eclipse-workspace\3913TP1\src\main\java\com\TP1\jfreechart-master\src\test\java\org\jfree\chart\plot\IntervalMarkerTest.java;org.jfree.chart.plot;IntervalMarkerTest;131;18;7,28
C:\Users\Simo\eclipse-workspace\3913TP1\src\main\java\com\TP1\jfreechart-master\src\test\java\org\jfree\chart\plot\MarkerTest.java;org.jfree.chart.plot;MarkerTest;331;63;5,25
C:\Users\Simo\eclipse-workspace\3913TP1\src\main\java\com\TP1\jfreechart-master\src\test\java\org\jfree\chart\plot\MeterIntervalTest.java;org.jfree.chart.plot;MeterIntervalTest;90;6;15,00
C:\Users\Simo\eclipse-workspace\3913TP1\src\main\java\com\TP1\jfreechart-master\src\test\java\org\jfree\chart\plot\MeterPlotTest.java;org.jfree.chart.plot;MeterPlotTest;195;49;3,98
C:\Users\Simo\eclipse-workspace\3913TP1\src\main\java\com\TP1\jfreechart-master\src\test\java\org\jfree\chart\plot\pie\MultiplePiePlotTest.java;org.jfree.chart.plot.pie;MultiplePiePlotTest;169;32;5,28
C:\Users\Simo\eclipse-workspace\3913TP1\src\main\java\com\TP1\jfreechart-master\src\test\java\org\jfree\chart\plot\pie\PieLabelRecordTest.java;org.jfree.chart.plot.pie;PieLabelRecordTest;105;18;5,83
C:\Users\Simo\eclipse-workspace\3913TP1\src\main\java\com\TP1\jfreechart-master\src\test\java\org\jfree\chart\plot\pie\PiePlotTest.java;org.jfree.chart.plot.pie;PiePlotTest;545;141;3,87
C:\Users\Simo\eclipse-workspace\3913TP1\src\main\java\com\TP1\jfreechart-master\src\test\java\org\jfree\chart\plot\PlotOrientationTest.java;org.jfree.chart.plot;PlotOrientationTest;67;6;11,17
C:\Users\Simo\eclipse-workspace\3913TP1\src\main\java\com\TP1\jfreechart-master\src\test\java\org\jfree\chart\plot\PlotRenderingInfoTest.java;org.jfree.chart.plot;PlotRenderingInfoTest;103;18;5,72
C:\Users\Simo\eclipse-workspace\3913TP1\src\main\java\com\TP1\jfreechart-master\src\test\java\org\jfree\chart\plot\PlotTest.java;org.jfree.chart.plot;PlotTest;132;30;4,40
C:\Users\Simo\eclipse-workspace\3913TP1\src\main\java\com\TP1\jfreechart-master\src\test\java\org\jfree\chart\plot\PolarPlotTest.java;org.jfree.chart.plot;PolarPlotTest;313;89;3,52
C:\Users\Simo\eclipse-workspace\3913TP1\src\main\java\com\TP1\jfreechart-master\src\test\java\org\jfree\chart\plot\RingPlotTest.java;org.jfree.chart.plot;RingPlotTest;134;28;4,79
C:\Users\Simo\eclipse-workspace\3913TP1\src\main\java\com\TP1\jfreechart-master\src\test\java\org\jfree\chart\plot\SpiderWebPlotTest.java;org.jfree.chart.plot;SpiderWebPlotTest;269;70;3,84
C:\Users\Simo\eclipse-workspace\3913TP1\src\main\java\com\TP1\jfreechart-master\src\test\java\org\jfree\chart\plot\ThermometerPlotTest.java;org.jfree.chart.plot;ThermometerPlotTest;161;37;4,35
C:\Users\Simo\eclipse-workspace\3913TP1\src\main\java\com\TP1\jfreechart-master\src\test\java\org\jfree\chart\plot\ValueMarkerTest.java;org.jfree.chart.plot;ValueMarkerTest;201;43;4,67
C:\Users\Simo\eclipse-workspace\3913TP1\src\main\java\com\TP1\jfreechart-master\src\test\java\org\jfree\chart\plot\XYPlotTest.java;org.jfree.chart.plot;XYPlotTest;1184;247;4,79
C:\Users\Simo\eclipse-workspace\3913TP1\src\main\java\com\TP1\jfreechart-master\src\test\java\org\jfree\chart\renderer\AbstractRendererTest.java;org.jfree.chart.renderer;AbstractRendererTest;629;183;3,44
C:\Users\Simo\eclipse-workspace\3913TP1\src\main\java\com\TP1\jfreechart-master\src\test\java\org\jfree\chart\renderer\AreaRendererEndTypeTest.java;org.jfree.chart.renderer;AreaRendererEndTypeTest;65;7;9,29
C:\Users\Simo\eclipse-workspace\3913TP1\src\main\java\com\TP1\jfreechart-master\src\test\java\org\jfree\chart\renderer\category\AbstractCategoryItemRendererTest.java;org.jfree.chart.renderer.category;AbstractCategoryItemRendererTest;281;64;4,39
C:\Users\Simo\eclipse-workspace\3913TP1\src\main\java\com\TP1\jfreechart-master\src\test\java\org\jfree\chart\renderer\category\AreaRendererTest.java;org.jfree.chart.renderer.category;AreaRendererTest;138;13;10,62
C:\Users\Simo\eclipse-workspace\3913TP1\src\main\java\com\TP1\jfreechart-master\src\test\java\org\jfree\chart\renderer\category\BarRendererTest.java;org.jfree.chart.renderer.category;BarRendererTest;251;49;5,12
C:\Users\Simo\eclipse-workspace\3913TP1\src\main\java\com\TP1\jfreechart-master\src\test\java\org\jfree\chart\renderer\category\BoxAndWhiskerRendererTest.java;org.jfree.chart.renderer.category;BoxAndWhiskerRendererTest;494;39;12,67
C:\Users\Simo\eclipse-workspace\3913TP1\src\main\java\com\TP1\jfreechart-master\src\test\java\org\jfree\chart\renderer\category\CategoryStepRendererTest.java;org.jfree.chart.renderer.category;CategoryStepRendererTest;119;11;10,82
C:\Users\Simo\eclipse-workspace\3913TP1\src\main\java\com\TP1\jfreechart-master\src\test\java\org\jfree\chart\renderer\category\DefaultCategoryItemRendererTest.java;org.jfree.chart.renderer.category;DefaultCategoryItemRendererTest;97;8;12,13
C:\Users\Simo\eclipse-workspace\3913TP1\src\main\java\com\TP1\jfreechart-master\src\test\java\org\jfree\chart\renderer\category\GanttRendererTest.java;org.jfree.chart.renderer.category;GanttRendererTest;120;16;7,50
C:\Users\Simo\eclipse-workspace\3913TP1\src\main\java\com\TP1\jfreechart-master\src\test\java\org\jfree\chart\renderer\category\GradientBarPainterTest.java;org.jfree.chart.renderer.category;GradientBarPainterTest;97;12;8,08
C:\Users\Simo\eclipse-workspace\3913TP1\src\main\java\com\TP1\jfreechart-master\src\test\java\org\jfree\chart\renderer\category\GroupedStackedBarRendererTest.java;org.jfree.chart.renderer.category;GroupedStackedBarRendererTest;156;17;9,18
C:\Users\Simo\eclipse-workspace\3913TP1\src\main\java\com\TP1\jfreechart-master\src\test\java\org\jfree\chart\renderer\category\IntervalBarRendererTest.java;org.jfree.chart.renderer.category;IntervalBarRendererTest;152;15;10,13
C:\Users\Simo\eclipse-workspace\3913TP1\src\main\java\com\TP1\jfreechart-master\src\test\java\org\jfree\chart\renderer\category\LayeredBarRendererTest.java;org.jfree.chart.renderer.category;LayeredBarRendererTest;135;13;10,38
C:\Users\Simo\eclipse-workspace\3913TP1\src\main\java\com\TP1\jfreechart-master\src\test\java\org\jfree\chart\renderer\category\LevelRendererTest.java;org.jfree.chart.renderer.category;LevelRendererTest;179;18;9,94
C:\Users\Simo\eclipse-workspace\3913TP1\src\main\java\com\TP1\jfreechart-master\src\test\java\org\jfree\chart\renderer\category\LineAndShapeRendererTest.java;org.jfree.chart.renderer.category;LineAndShapeRendererTest;247;37;6,68
C:\Users\Simo\eclipse-workspace\3913TP1\src\main\java\com\TP1\jfreechart-master\src\test\java\org\jfree\chart\renderer\category\MinMaxCategoryRendererTest.java;org.jfree.chart.renderer.category;MinMaxCategoryRendererTest;142;15;9,47
C:\Users\Simo\eclipse-workspace\3913TP1\src\main\java\com\TP1\jfreechart-master\src\test\java\org\jfree\chart\renderer\category\ScatterRendererTest.java;org.jfree.chart.renderer.category;ScatterRendererTest;180;28;6,43
C:\Users\Simo\eclipse-workspace\3913TP1\src\main\java\com\TP1\jfreechart-master\src\test\java\org\jfree\chart\renderer\category\StackedAreaRendererTest.java;org.jfree.chart.renderer.category;StackedAreaRendererTest;123;17;7,24
C:\Users\Simo\eclipse-workspace\3913TP1\src\main\java\com\TP1\jfreechart-master\src\test\java\org\jfree\chart\renderer\category\StackedBarRendererTest.java;org.jfree.chart.renderer.category;StackedBarRendererTest;124;18;6,89
C:\Users\Simo\eclipse-workspace\3913TP1\src\main\java\com\TP1\jfreechart-master\src\test\java\org\jfree\chart\renderer\category\StandardBarPainterTest.java;org.jfree.chart.renderer.category;StandardBarPainterTest;87;9;9,67
C:\Users\Simo\eclipse-workspace\3913TP1\src\main\java\com\TP1\jfreechart-master\src\test\java\org\jfree\chart\renderer\category\StatisticalBarRendererTest.java;org.jfree.chart.renderer.category;StatisticalBarRendererTest;256;25;10,24
C:\Users\Simo\eclipse-workspace\3913TP1\src\main\java\com\TP1\jfreechart-master\src\test\java\org\jfree\chart\renderer\category\StatisticalLineAndShapeRendererTest.java;org.jfree.chart.renderer.category;StatisticalLineAndShapeRendererTest;174;23;7,57
C:\Users\Simo\eclipse-workspace\3913TP1\src\main\java\com\TP1\jfreechart-master\src\test\java\org\jfree\chart\renderer\category\WaterfallBarRendererTest.java;org.jfree.chart.renderer.category;WaterfallBarRendererTest;128;31;4,13
C:\Users\Simo\eclipse-workspace\3913TP1\src\main\java\com\TP1\jfreechart-master\src\test\java\org\jfree\chart\renderer\DefaultPolarItemRendererTest.java;org.jfree.chart.renderer;DefaultPolarItemRendererTest;94;11;8,55
C:\Users\Simo\eclipse-workspace\3913TP1\src\main\java\com\TP1\jfreechart-master\src\test\java\org\jfree\chart\renderer\GrayPaintScaleTest.java;org.jfree.chart.renderer;GrayPaintScaleTest;117;20;5,85
C:\Users\Simo\eclipse-workspace\3913TP1\src\main\java\com\TP1\jfreechart-master\src\test\java\org\jfree\chart\renderer\LookupPaintScaleTest.java;org.jfree.chart.renderer;LookupPaintScaleTest;164;49;3,35
C:\Users\Simo\eclipse-workspace\3913TP1\src\main\java\com\TP1\jfreechart-master\src\test\java\org\jfree\chart\renderer\OutlierTest.java;org.jfree.chart.renderer;OutlierTest;98;13;7,54
C:\Users\Simo\eclipse-workspace\3913TP1\src\main\java\com\TP1\jfreechart-master\src\test\java\org\jfree\chart\renderer\RendererUtilsTest.java;org.jfree.chart.renderer;RendererUtilsTest;299;121;2,47
C:\Users\Simo\eclipse-workspace\3913TP1\src\main\java\com\TP1\jfreechart-master\src\test\java\org\jfree\chart\renderer\xy\AbstractXYItemRendererTest.java;org.jfree.chart.renderer.xy;AbstractXYItemRendererTest;153;20;7,65
C:\Users\Simo\eclipse-workspace\3913TP1\src\main\java\com\TP1\jfreechart-master\src\test\java\org\jfree\chart\renderer\xy\CandlestickRendererTest.java;org.jfree.chart.renderer.xy;CandlestickRendererTest;184;38;4,84
C:\Users\Simo\eclipse-workspace\3913TP1\src\main\java\com\TP1\jfreechart-master\src\test\java\org\jfree\chart\renderer\xy\ClusteredXYBarRendererTest.java;org.jfree.chart.renderer.xy;ClusteredXYBarRendererTest;152;18;8,44
C:\Users\Simo\eclipse-workspace\3913TP1\src\main\java\com\TP1\jfreechart-master\src\test\java\org\jfree\chart\renderer\xy\DeviationRendererTest.java;org.jfree.chart.renderer.xy;DeviationRendererTest;99;11;9,00
C:\Users\Simo\eclipse-workspace\3913TP1\src\main\java\com\TP1\jfreechart-master\src\test\java\org\jfree\chart\renderer\xy\DeviationStepRendererTest.java;org.jfree.chart.renderer.xy;DeviationStepRendererTest;99;11;9,00
C:\Users\Simo\eclipse-workspace\3913TP1\src\main\java\com\TP1\jfreechart-master\src\test\java\org\jfree\chart\renderer\xy\GradientXYBarPainterTest.java;org.jfree.chart.renderer.xy;GradientXYBarPainterTest;97;12;8,08
C:\Users\Simo\eclipse-workspace\3913TP1\src\main\java\com\TP1\jfreechart-master\src\test\java\org\jfree\chart\renderer\xy\HighLowRendererTest.java;org.jfree.chart.renderer.xy;HighLowRendererTest;150;22;6,82
C:\Users\Simo\eclipse-workspace\3913TP1\src\main\java\com\TP1\jfreechart-master\src\test\java\org\jfree\chart\renderer\xy\StackedXYAreaRenderer2Test.java;org.jfree.chart.renderer.xy;StackedXYAreaRenderer2Test;156;16;9,75
C:\Users\Simo\eclipse-workspace\3913TP1\src\main\java\com\TP1\jfreechart-master\src\test\java\org\jfree\chart\renderer\xy\StackedXYAreaRendererTest.java;org.jfree.chart.renderer.xy;StackedXYAreaRendererTest;201;17;11,82
C:\Users\Simo\eclipse-workspace\3913TP1\src\main\java\com\TP1\jfreechart-master\src\test\java\org\jfree\chart\renderer\xy\StackedXYBarRendererTest.java;org.jfree.chart.renderer.xy;StackedXYBarRendererTest;154;18;8,56
C:\Users\Simo\eclipse-workspace\3913TP1\src\main\java\com\TP1\jfreechart-master\src\test\java\org\jfree\chart\renderer\xy\StandardXYBarPainterTest.java;org.jfree.chart.renderer.xy;StandardXYBarPainterTest;87;9;9,67
C:\Users\Simo\eclipse-workspace\3913TP1\src\main\java\com\TP1\jfreechart-master\src\test\java\org\jfree\chart\renderer\xy\StandardXYItemRendererTest.java;org.jfree.chart.renderer.xy;StandardXYItemRendererTest;223;36;6,19
C:\Users\Simo\eclipse-workspace\3913TP1\src\main\java\com\TP1\jfreechart-master\src\test\java\org\jfree\chart\renderer\xy\VectorRendererTest.java;org.jfree.chart.renderer.xy;VectorRendererTest;100;11;9,09
C:\Users\Simo\eclipse-workspace\3913TP1\src\main\java\com\TP1\jfreechart-master\src\test\java\org\jfree\chart\renderer\xy\WindItemRendererTest.java;org.jfree.chart.renderer.xy;WindItemRendererTest;94;8;11,75
C:\Users\Simo\eclipse-workspace\3913TP1\src\main\java\com\TP1\jfreechart-master\src\test\java\org\jfree\chart\renderer\xy\XYAreaRenderer2Test.java;org.jfree.chart.renderer.xy;XYAreaRenderer2Test;178;17;10,47
C:\Users\Simo\eclipse-workspace\3913TP1\src\main\java\com\TP1\jfreechart-master\src\test\java\org\jfree\chart\renderer\xy\XYAreaRendererTest.java;org.jfree.chart.renderer.xy;XYAreaRendererTest;215;33;6,52
C:\Users\Simo\eclipse-workspace\3913TP1\src\main\java\com\TP1\jfreechart-master\src\test\java\org\jfree\chart\renderer\xy\XYBarRendererTest.java;org.jfree.chart.renderer.xy;XYBarRendererTest;307;55;5,58
C:\Users\Simo\eclipse-workspace\3913TP1\src\main\java\com\TP1\jfreechart-master\src\test\java\org\jfree\chart\renderer\xy\XYBlockRendererTest.java;org.jfree.chart.renderer.xy;XYBlockRendererTest;181;27;6,70
C:\Users\Simo\eclipse-workspace\3913TP1\src\main\java\com\TP1\jfreechart-master\src\test\java\org\jfree\chart\renderer\xy\XYBoxAndWhiskerRendererTest.java;org.jfree.chart.renderer.xy;XYBoxAndWhiskerRendererTest;149;19;7,84
C:\Users\Simo\eclipse-workspace\3913TP1\src\main\java\com\TP1\jfreechart-master\src\test\java\org\jfree\chart\renderer\xy\XYBubbleRendererTest.java;org.jfree.chart.renderer.xy;XYBubbleRendererTest;147;13;11,31
C:\Users\Simo\eclipse-workspace\3913TP1\src\main\java\com\TP1\jfreechart-master\src\test\java\org\jfree\chart\renderer\xy\XYDifferenceRendererTest.java;org.jfree.chart.renderer.xy;XYDifferenceRendererTest;174;23;7,57
C:\Users\Simo\eclipse-workspace\3913TP1\src\main\java\com\TP1\jfreechart-master\src\test\java\org\jfree\chart\renderer\xy\XYDotRendererTest.java;org.jfree.chart.renderer.xy;XYDotRendererTest;153;19;8,05
C:\Users\Simo\eclipse-workspace\3913TP1\src\main\java\com\TP1\jfreechart-master\src\test\java\org\jfree\chart\renderer\xy\XYErrorRendererTest.java;org.jfree.chart.renderer.xy;XYErrorRendererTest;162;24;6,75
C:\Users\Simo\eclipse-workspace\3913TP1\src\main\java\com\TP1\jfreechart-master\src\test\java\org\jfree\chart\renderer\xy\XYLineAndShapeRendererTest.java;org.jfree.chart.renderer.xy;XYLineAndShapeRendererTest;262;54;4,85
C:\Users\Simo\eclipse-workspace\3913TP1\src\main\java\com\TP1\jfreechart-master\src\test\java\org\jfree\chart\renderer\xy\XYShapeRendererTest.java;org.jfree.chart.renderer.xy;XYShapeRendererTest;158;30;5,27
C:\Users\Simo\eclipse-workspace\3913TP1\src\main\java\com\TP1\jfreechart-master\src\test\java\org\jfree\chart\renderer\xy\XYSplineRendererTest.java;org.jfree.chart.renderer.xy;XYSplineRendererTest;119;17;7,00
C:\Users\Simo\eclipse-workspace\3913TP1\src\main\java\com\TP1\jfreechart-master\src\test\java\org\jfree\chart\renderer\xy\XYStepAreaRendererTest.java;org.jfree.chart.renderer.xy;XYStepAreaRendererTest;157;21;7,48
C:\Users\Simo\eclipse-workspace\3913TP1\src\main\java\com\TP1\jfreechart-master\src\test\java\org\jfree\chart\renderer\xy\XYStepRendererTest.java;org.jfree.chart.renderer.xy;XYStepRendererTest;173;14;12,36
C:\Users\Simo\eclipse-workspace\3913TP1\src\main\java\com\TP1\jfreechart-master\src\test\java\org\jfree\chart\renderer\xy\YIntervalRendererTest.java;org.jfree.chart.renderer.xy;YIntervalRendererTest;210;43;4,88
C:\Users\Simo\eclipse-workspace\3913TP1\src\main\java\com\TP1\jfreechart-master\src\test\java\org\jfree\chart\ScatterPlotTest.java;org.jfree.chart;ScatterPlotTest;150;5;30,00
C:\Users\Simo\eclipse-workspace\3913TP1\src\main\java\com\TP1\jfreechart-master\src\test\java\org\jfree\chart\StackedAreaChartTest.java;org.jfree.chart;StackedAreaChartTest;159;6;26,50
C:\Users\Simo\eclipse-workspace\3913TP1\src\main\java\com\TP1\jfreechart-master\src\test\java\org\jfree\chart\StackedBarChartTest.java;org.jfree.chart;StackedBarChartTest;161;6;26,83
C:\Users\Simo\eclipse-workspace\3913TP1\src\main\java\com\TP1\jfreechart-master\src\test\java\org\jfree\chart\StandardChartThemeTest.java;org.jfree.chart;StandardChartThemeTest;208;61;3,41
C:\Users\Simo\eclipse-workspace\3913TP1\src\main\java\com\TP1\jfreechart-master\src\test\java\org\jfree\chart\swing\ChartPanelTest.java;org.jfree.chart.swing;ChartPanelTest;326;23;14,17
C:\Users\Simo\eclipse-workspace\3913TP1\src\main\java\com\TP1\jfreechart-master\src\test\java\org\jfree\chart\swing\CrosshairOverlayTest.java;org.jfree.chart.swing;CrosshairOverlayTest;87;6;14,50
C:\Users\Simo\eclipse-workspace\3913TP1\src\main\java\com\TP1\jfreechart-master\src\test\java\org\jfree\chart\text\format\HMSNumberFormatTest.java;org.jfree.chart.text.format;HMSNumberFormatTest;53;7;7,57
C:\Users\Simo\eclipse-workspace\3913TP1\src\main\java\com\TP1\jfreechart-master\src\test\java\org\jfree\chart\text\format\LogFormatTest.java;org.jfree.chart.text.format;LogFormatTest;103;15;6,87
C:\Users\Simo\eclipse-workspace\3913TP1\src\main\java\com\TP1\jfreechart-master\src\test\java\org\jfree\chart\text\format\RelativeDateFormatTest.java;org.jfree.chart.text.format;RelativeDateFormatTest;190;30;6,33
C:\Users\Simo\eclipse-workspace\3913TP1\src\main\java\com\TP1\jfreechart-master\src\test\java\org\jfree\chart\TimeSeriesChartTest.java;org.jfree.chart;TimeSeriesChartTest;150;5;30,00
C:\Users\Simo\eclipse-workspace\3913TP1\src\main\java\com\TP1\jfreechart-master\src\test\java\org\jfree\chart\title\CompositeTitleTest.java;org.jfree.chart.title;CompositeTitleTest;136;20;6,80
C:\Users\Simo\eclipse-workspace\3913TP1\src\main\java\com\TP1\jfreechart-master\src\test\java\org\jfree\chart\title\DateTitleTest.java;org.jfree.chart.title;DateTitleTest;105;15;7,00
C:\Users\Simo\eclipse-workspace\3913TP1\src\main\java\com\TP1\jfreechart-master\src\test\java\org\jfree\chart\title\ImageTitleTest.java;org.jfree.chart.title;ImageTitleTest;47;16;2,94
C:\Users\Simo\eclipse-workspace\3913TP1\src\main\java\com\TP1\jfreechart-master\src\test\java\org\jfree\chart\title\ShortTextTitleTest.java;org.jfree.chart.title;ShortTextTitleTest;90;9;10,00
C:\Users\Simo\eclipse-workspace\3913TP1\src\main\java\com\TP1\jfreechart-master\src\test\java\org\jfree\chart\title\TextTitleTest.java;org.jfree.chart.title;TextTitleTest;131;25;5,24
C:\Users\Simo\eclipse-workspace\3913TP1\src\main\java\com\TP1\jfreechart-master\src\test\java\org\jfree\chart\title\TitleTest.java;org.jfree.chart.title;TitleTest;83;11;7,55
C:\Users\Simo\eclipse-workspace\3913TP1\src\main\java\com\TP1\jfreechart-master\src\test\java\org\jfree\chart\urls\CustomCategoryURLGeneratorTest.java;org.jfree.chart.urls;CustomCategoryURLGeneratorTest;138;17;8,12
C:\Users\Simo\eclipse-workspace\3913TP1\src\main\java\com\TP1\jfreechart-master\src\test\java\org\jfree\chart\urls\CustomPieURLGeneratorTest.java;org.jfree.chart.urls;CustomPieURLGeneratorTest;102;9;11,33
C:\Users\Simo\eclipse-workspace\3913TP1\src\main\java\com\TP1\jfreechart-master\src\test\java\org\jfree\chart\urls\CustomXYURLGeneratorTest.java;org.jfree.chart.urls;CustomXYURLGeneratorTest;138;17;8,12
C:\Users\Simo\eclipse-workspace\3913TP1\src\main\java\com\TP1\jfreechart-master\src\test\java\org\jfree\chart\urls\StandardCategoryURLGeneratorTest.java;org.jfree.chart.urls;StandardCategoryURLGeneratorTest;106;13;8,15
C:\Users\Simo\eclipse-workspace\3913TP1\src\main\java\com\TP1\jfreechart-master\src\test\java\org\jfree\chart\urls\StandardPieURLGeneratorTest.java;org.jfree.chart.urls;StandardPieURLGeneratorTest;110;15;7,33
C:\Users\Simo\eclipse-workspace\3913TP1\src\main\java\com\TP1\jfreechart-master\src\test\java\org\jfree\chart\urls\StandardXYURLGeneratorTest.java;org.jfree.chart.urls;StandardXYURLGeneratorTest;64;4;16,00
C:\Users\Simo\eclipse-workspace\3913TP1\src\main\java\com\TP1\jfreechart-master\src\test\java\org\jfree\chart\urls\TimeSeriesURLGeneratorTest.java;org.jfree.chart.urls;TimeSeriesURLGeneratorTest;116;14;8,29
C:\Users\Simo\eclipse-workspace\3913TP1\src\main\java\com\TP1\jfreechart-master\src\test\java\org\jfree\chart\WaterfallChartTest.java;org.jfree.chart;WaterfallChartTest;124;3;41,33
C:\Users\Simo\eclipse-workspace\3913TP1\src\main\java\com\TP1\jfreechart-master\src\test\java\org\jfree\chart\XYAreaChartTest.java;org.jfree.chart;XYAreaChartTest;149;5;29,80
C:\Users\Simo\eclipse-workspace\3913TP1\src\main\java\com\TP1\jfreechart-master\src\test\java\org\jfree\chart\XYBarChartTest.java;org.jfree.chart;XYBarChartTest;153;5;30,60
C:\Users\Simo\eclipse-workspace\3913TP1\src\main\java\com\TP1\jfreechart-master\src\test\java\org\jfree\chart\XYLineChartTest.java;org.jfree.chart;XYLineChartTest;150;5;30,00
C:\Users\Simo\eclipse-workspace\3913TP1\src\main\java\com\TP1\jfreechart-master\src\test\java\org\jfree\chart\XYStepAreaChartTest.java;org.jfree.chart;XYStepAreaChartTest;149;5;29,80
C:\Users\Simo\eclipse-workspace\3913TP1\src\main\java\com\TP1\jfreechart-master\src\test\java\org\jfree\chart\XYStepChartTest.java;org.jfree.chart;XYStepChartTest;159;5;31,80
C:\Users\Simo\eclipse-workspace\3913TP1\src\main\java\com\TP1\jfreechart-master\src\test\java\org\jfree\data\category\CategoryToPieDatasetTest.java;org.jfree.data.category;CategoryToPieDatasetTest;180;27;6,67
C:\Users\Simo\eclipse-workspace\3913TP1\src\main\java\com\TP1\jfreechart-master\src\test\java\org\jfree\data\category\DefaultCategoryDatasetTest.java;org.jfree.data.category;DefaultCategoryDatasetTest;328;51;6,43
C:\Users\Simo\eclipse-workspace\3913TP1\src\main\java\com\TP1\jfreechart-master\src\test\java\org\jfree\data\category\DefaultIntervalCategoryDatasetTest.java;org.jfree.data.category;DefaultIntervalCategoryDatasetTest;404;46;8,78
C:\Users\Simo\eclipse-workspace\3913TP1\src\main\java\com\TP1\jfreechart-master\src\test\java\org\jfree\data\category\SlidingCategoryDatasetTest.java;org.jfree.data.category;SlidingCategoryDatasetTest;238;42;5,67
C:\Users\Simo\eclipse-workspace\3913TP1\src\main\java\com\TP1\jfreechart-master\src\test\java\org\jfree\data\ComparableObjectItemTest.java;org.jfree.data;ComparableObjectItemTest;115;20;5,75
C:\Users\Simo\eclipse-workspace\3913TP1\src\main\java\com\TP1\jfreechart-master\src\test\java\org\jfree\data\ComparableObjectSeriesTest.java;org.jfree.data;ComparableObjectSeriesTest;177;34;5,21
C:\Users\Simo\eclipse-workspace\3913TP1\src\main\java\com\TP1\jfreechart-master\src\test\java\org\jfree\data\DataUtilsTest.java;org.jfree.data;DataUtilsTest;213;54;3,94
C:\Users\Simo\eclipse-workspace\3913TP1\src\main\java\com\TP1\jfreechart-master\src\test\java\org\jfree\data\DefaultKeyedValues2DTest.java;org.jfree.data;DefaultKeyedValues2DTest;292;48;6,08
C:\Users\Simo\eclipse-workspace\3913TP1\src\main\java\com\TP1\jfreechart-master\src\test\java\org\jfree\data\DefaultKeyedValuesTest.java;org.jfree.data;DefaultKeyedValuesTest;405;111;3,65
C:\Users\Simo\eclipse-workspace\3913TP1\src\main\java\com\TP1\jfreechart-master\src\test\java\org\jfree\data\DefaultKeyedValueTest.java;org.jfree.data;DefaultKeyedValueTest;114;16;7,13
C:\Users\Simo\eclipse-workspace\3913TP1\src\main\java\com\TP1\jfreechart-master\src\test\java\org\jfree\data\DomainOrderTest.java;org.jfree.data;DomainOrderTest;83;15;5,53
C:\Users\Simo\eclipse-workspace\3913TP1\src\main\java\com\TP1\jfreechart-master\src\test\java\org\jfree\data\flow\DefaultFlowDatasetTest.java;org.jfree.data.flow;DefaultFlowDatasetTest;114;14;8,14
C:\Users\Simo\eclipse-workspace\3913TP1\src\main\java\com\TP1\jfreechart-master\src\test\java\org\jfree\data\flow\FlowKeyTest.java;org.jfree.data.flow;FlowKeyTest;82;10;8,20
C:\Users\Simo\eclipse-workspace\3913TP1\src\main\java\com\TP1\jfreechart-master\src\test\java\org\jfree\data\flow\NodeKeyTest.java;org.jfree.data.flow;NodeKeyTest;84;10;8,40
C:\Users\Simo\eclipse-workspace\3913TP1\src\main\java\com\TP1\jfreechart-master\src\test\java\org\jfree\data\function\LineFunction2DTest.java;org.jfree.data.function;LineFunction2DTest;87;9;9,67
C:\Users\Simo\eclipse-workspace\3913TP1\src\main\java\com\TP1\jfreechart-master\src\test\java\org\jfree\data\function\NormalDistributionFunction2DTest.java;org.jfree.data.function;NormalDistributionFunction2DTest;93;9;10,33
C:\Users\Simo\eclipse-workspace\3913TP1\src\main\java\com\TP1\jfreechart-master\src\test\java\org\jfree\data\function\PolynomialFunction2DTest.java;org.jfree.data.function;PolynomialFunction2DTest;120;10;12,00
C:\Users\Simo\eclipse-workspace\3913TP1\src\main\java\com\TP1\jfreechart-master\src\test\java\org\jfree\data\function\PowerFunction2DTest.java;org.jfree.data.function;PowerFunction2DTest;86;7;12,29
C:\Users\Simo\eclipse-workspace\3913TP1\src\main\java\com\TP1\jfreechart-master\src\test\java\org\jfree\data\gantt\SlidingGanttCategoryDatasetTest.java;org.jfree.data.gantt;SlidingGanttCategoryDatasetTest;158;17;9,29
C:\Users\Simo\eclipse-workspace\3913TP1\src\main\java\com\TP1\jfreechart-master\src\test\java\org\jfree\data\gantt\TaskSeriesCollectionTest.java;org.jfree.data.gantt;TaskSeriesCollectionTest;563;135;4,17
C:\Users\Simo\eclipse-workspace\3913TP1\src\main\java\com\TP1\jfreechart-master\src\test\java\org\jfree\data\gantt\TaskSeriesTest.java;org.jfree.data.gantt;TaskSeriesTest;107;13;8,23
C:\Users\Simo\eclipse-workspace\3913TP1\src\main\java\com\TP1\jfreechart-master\src\test\java\org\jfree\data\gantt\TaskTest.java;org.jfree.data.gantt;TaskTest;110;19;5,79
C:\Users\Simo\eclipse-workspace\3913TP1\src\main\java\com\TP1\jfreechart-master\src\test\java\org\jfree\data\gantt\XYTaskDatasetTest.java;org.jfree.data.gantt;XYTaskDatasetTest;119;15;7,93
C:\Users\Simo\eclipse-workspace\3913TP1\src\main\java\com\TP1\jfreechart-master\src\test\java\org\jfree\data\general\DatasetUtilsTest.java;org.jfree.data.general;DatasetUtilsTest;1304;270;4,83
C:\Users\Simo\eclipse-workspace\3913TP1\src\main\java\com\TP1\jfreechart-master\src\test\java\org\jfree\data\general\DefaultHeatMapDatasetTest.java;org.jfree.data.general;DefaultHeatMapDatasetTest;163;37;4,41
C:\Users\Simo\eclipse-workspace\3913TP1\src\main\java\com\TP1\jfreechart-master\src\test\java\org\jfree\data\general\DefaultKeyedValueDatasetTest.java;org.jfree.data.general;DefaultKeyedValueDatasetTest;97;11;8,82
C:\Users\Simo\eclipse-workspace\3913TP1\src\main\java\com\TP1\jfreechart-master\src\test\java\org\jfree\data\general\DefaultKeyedValues2DDatasetTest.java;org.jfree.data.general;DefaultKeyedValues2DDatasetTest;74;4;18,50
C:\Users\Simo\eclipse-workspace\3913TP1\src\main\java\com\TP1\jfreechart-master\src\test\java\org\jfree\data\general\DefaultKeyedValuesDatasetTest.java;org.jfree.data.general;DefaultKeyedValuesDatasetTest;73;4;18,25
C:\Users\Simo\eclipse-workspace\3913TP1\src\main\java\com\TP1\jfreechart-master\src\test\java\org\jfree\data\general\DefaultPieDatasetTest.java;org.jfree.data.general;DefaultPieDatasetTest;158;19;8,32
C:\Users\Simo\eclipse-workspace\3913TP1\src\main\java\com\TP1\jfreechart-master\src\test\java\org\jfree\data\KeyedObjects2DTest.java;org.jfree.data;KeyedObjects2DTest;335;51;6,57
C:\Users\Simo\eclipse-workspace\3913TP1\src\main\java\com\TP1\jfreechart-master\src\test\java\org\jfree\data\KeyedObjectsTest.java;org.jfree.data;KeyedObjectsTest;293;55;5,33
C:\Users\Simo\eclipse-workspace\3913TP1\src\main\java\com\TP1\jfreechart-master\src\test\java\org\jfree\data\KeyedObjectTest.java;org.jfree.data;KeyedObjectTest;103;16;6,44
C:\Users\Simo\eclipse-workspace\3913TP1\src\main\java\com\TP1\jfreechart-master\src\test\java\org\jfree\data\KeyToGroupMapTest.java;org.jfree.data;KeyToGroupMapTest;188;37;5,08
C:\Users\Simo\eclipse-workspace\3913TP1\src\main\java\com\TP1\jfreechart-master\src\test\java\org\jfree\data\RangeTest.java;org.jfree.data;RangeTest;290;87;3,33
C:\Users\Simo\eclipse-workspace\3913TP1\src\main\java\com\TP1\jfreechart-master\src\test\java\org\jfree\data\RangeTypeTest.java;org.jfree.data;RangeTypeTest;83;15;5,53
C:\Users\Simo\eclipse-workspace\3913TP1\src\main\java\com\TP1\jfreechart-master\src\test\java\org\jfree\data\statistics\BoxAndWhiskerCalculatorTest.java;org.jfree.data.statistics;BoxAndWhiskerCalculatorTest;143;21;6,81
C:\Users\Simo\eclipse-workspace\3913TP1\src\main\java\com\TP1\jfreechart-master\src\test\java\org\jfree\data\statistics\BoxAndWhiskerItemTest.java;org.jfree.data.statistics;BoxAndWhiskerItemTest;68;5;13,60
C:\Users\Simo\eclipse-workspace\3913TP1\src\main\java\com\TP1\jfreechart-master\src\test\java\org\jfree\data\statistics\DefaultBoxAndWhiskerCategoryDatasetTest.java;org.jfree.data.statistics;DefaultBoxAndWhiskerCategoryDatasetTest;238;47;5,06
C:\Users\Simo\eclipse-workspace\3913TP1\src\main\java\com\TP1\jfreechart-master\src\test\java\org\jfree\data\statistics\DefaultBoxAndWhiskerXYDatasetTest.java;org.jfree.data.statistics;DefaultBoxAndWhiskerXYDatasetTest;154;29;5,31
C:\Users\Simo\eclipse-workspace\3913TP1\src\main\java\com\TP1\jfreechart-master\src\test\java\org\jfree\data\statistics\DefaultMultiValueCategoryDatasetTest.java;org.jfree.data.statistics;DefaultMultiValueCategoryDatasetTest;216;32;6,75
C:\Users\Simo\eclipse-workspace\3913TP1\src\main\java\com\TP1\jfreechart-master\src\test\java\org\jfree\data\statistics\DefaultStatisticalCategoryDatasetTest.java;org.jfree.data.statistics;DefaultStatisticalCategoryDatasetTest;230;47;4,89
C:\Users\Simo\eclipse-workspace\3913TP1\src\main\java\com\TP1\jfreechart-master\src\test\java\org\jfree\data\statistics\HistogramBinTest.java;org.jfree.data.statistics;HistogramBinTest;80;5;16,00
C:\Users\Simo\eclipse-workspace\3913TP1\src\main\java\com\TP1\jfreechart-master\src\test\java\org\jfree\data\statistics\HistogramDatasetTest.java;org.jfree.data.statistics;HistogramDatasetTest;219;50;4,38
C:\Users\Simo\eclipse-workspace\3913TP1\src\main\java\com\TP1\jfreechart-master\src\test\java\org\jfree\data\statistics\MeanAndStandardDeviationTest.java;org.jfree.data.statistics;MeanAndStandardDeviationTest;79;8;9,88
C:\Users\Simo\eclipse-workspace\3913TP1\src\main\java\com\TP1\jfreechart-master\src\test\java\org\jfree\data\statistics\RegressionTest.java;org.jfree.data.statistics;RegressionTest;213;17;12,53
C:\Users\Simo\eclipse-workspace\3913TP1\src\main\java\com\TP1\jfreechart-master\src\test\java\org\jfree\data\statistics\SimpleHistogramBinTest.java;org.jfree.data.statistics;SimpleHistogramBinTest;142;39;3,64
C:\Users\Simo\eclipse-workspace\3913TP1\src\main\java\com\TP1\jfreechart-master\src\test\java\org\jfree\data\statistics\SimpleHistogramDatasetTest.java;org.jfree.data.statistics;SimpleHistogramDatasetTest;107;12;8,92
C:\Users\Simo\eclipse-workspace\3913TP1\src\main\java\com\TP1\jfreechart-master\src\test\java\org\jfree\data\statistics\StatisticsTest.java;org.jfree.data.statistics;StatisticsTest;379;49;7,73
C:\Users\Simo\eclipse-workspace\3913TP1\src\main\java\com\TP1\jfreechart-master\src\test\java\org\jfree\data\time\DateRangeTest.java;org.jfree.data.time;DateRangeTest;94;10;9,40
C:\Users\Simo\eclipse-workspace\3913TP1\src\main\java\com\TP1\jfreechart-master\src\test\java\org\jfree\data\time\DayTest.java;org.jfree.data.time;DayTest;500;65;7,69
C:\Users\Simo\eclipse-workspace\3913TP1\src\main\java\com\TP1\jfreechart-master\src\test\java\org\jfree\data\time\FixedMillisecondTest.java;org.jfree.data.time;FixedMillisecondTest;87;8;10,88
C:\Users\Simo\eclipse-workspace\3913TP1\src\main\java\com\TP1\jfreechart-master\src\test\java\org\jfree\data\time\HourTest.java;org.jfree.data.time;HourTest;455;68;6,69
C:\Users\Simo\eclipse-workspace\3913TP1\src\main\java\com\TP1\jfreechart-master\src\test\java\org\jfree\data\time\MillisecondTest.java;org.jfree.data.time;MillisecondTest;450;83;5,42
C:\Users\Simo\eclipse-workspace\3913TP1\src\main\java\com\TP1\jfreechart-master\src\test\java\org\jfree\data\time\MinuteTest.java;org.jfree.data.time;MinuteTest;431;69;6,25
C:\Users\Simo\eclipse-workspace\3913TP1\src\main\java\com\TP1\jfreechart-master\src\test\java\org\jfree\data\time\MonthTest.java;org.jfree.data.time;MonthTest;510;62;8,23
C:\Users\Simo\eclipse-workspace\3913TP1\src\main\java\com\TP1\jfreechart-master\src\test\java\org\jfree\data\time\MovingAverageTest.java;org.jfree.data.time;MovingAverageTest;87;9;9,67
C:\Users\Simo\eclipse-workspace\3913TP1\src\main\java\com\TP1\jfreechart-master\src\test\java\org\jfree\data\time\ohlc\OHLCItemTest.java;org.jfree.data.time.ohlc;OHLCItemTest;121;23;5,26
C:\Users\Simo\eclipse-workspace\3913TP1\src\main\java\com\TP1\jfreechart-master\src\test\java\org\jfree\data\time\ohlc\OHLCSeriesCollectionTest.java;org.jfree.data.time.ohlc;OHLCSeriesCollectionTest;209;23;9,09
C:\Users\Simo\eclipse-workspace\3913TP1\src\main\java\com\TP1\jfreechart-master\src\test\java\org\jfree\data\time\ohlc\OHLCSeriesTest.java;org.jfree.data.time.ohlc;OHLCSeriesTest;222;35;6,34
C:\Users\Simo\eclipse-workspace\3913TP1\src\main\java\com\TP1\jfreechart-master\src\test\java\org\jfree\data\time\ohlc\OHLCTest.java;org.jfree.data.time.ohlc;OHLCTest;98;13;7,54
C:\Users\Simo\eclipse-workspace\3913TP1\src\main\java\com\TP1\jfreechart-master\src\test\java\org\jfree\data\time\QuarterTest.java;org.jfree.data.time;QuarterTest;531;64;8,30
C:\Users\Simo\eclipse-workspace\3913TP1\src\main\java\com\TP1\jfreechart-master\src\test\java\org\jfree\data\time\SecondTest.java;org.jfree.data.time;SecondTest;423;73;5,79
C:\Users\Simo\eclipse-workspace\3913TP1\src\main\java\com\TP1\jfreechart-master\src\test\java\org\jfree\data\time\SimpleTimePeriodTest.java;org.jfree.data.time;SimpleTimePeriodTest;156;21;7,43
C:\Users\Simo\eclipse-workspace\3913TP1\src\main\java\com\TP1\jfreechart-master\src\test\java\org\jfree\data\time\TimePeriodAnchorTest.java;org.jfree.data.time;TimePeriodAnchorTest;62;4;15,50
C:\Users\Simo\eclipse-workspace\3913TP1\src\main\java\com\TP1\jfreechart-master\src\test\java\org\jfree\data\time\TimePeriodValuesCollectionTest.java;org.jfree.data.time;TimePeriodValuesCollectionTest;168;26;6,46
C:\Users\Simo\eclipse-workspace\3913TP1\src\main\java\com\TP1\jfreechart-master\src\test\java\org\jfree\data\time\TimePeriodValuesTest.java;org.jfree.data.time;TimePeriodValuesTest;266;39;6,82
C:\Users\Simo\eclipse-workspace\3913TP1\src\main\java\com\TP1\jfreechart-master\src\test\java\org\jfree\data\time\TimePeriodValueTest.java;org.jfree.data.time;TimePeriodValueTest;81;10;8,10
C:\Users\Simo\eclipse-workspace\3913TP1\src\main\java\com\TP1\jfreechart-master\src\test\java\org\jfree\data\time\TimeSeriesCollectionTest.java;org.jfree.data.time;TimeSeriesCollectionTest;390;81;4,81
C:\Users\Simo\eclipse-workspace\3913TP1\src\main\java\com\TP1\jfreechart-master\src\test\java\org\jfree\data\time\TimeSeriesDataItemTest.java;org.jfree.data.time;TimeSeriesDataItemTest;85;6;14,17
C:\Users\Simo\eclipse-workspace\3913TP1\src\main\java\com\TP1\jfreechart-master\src\test\java\org\jfree\data\time\TimeSeriesTest.java;org.jfree.data.time;TimeSeriesTest;974;219;4,45
C:\Users\Simo\eclipse-workspace\3913TP1\src\main\java\com\TP1\jfreechart-master\src\test\java\org\jfree\data\time\TimeTableXYDatasetTest.java;org.jfree.data.time;TimeTableXYDatasetTest;141;26;5,42
C:\Users\Simo\eclipse-workspace\3913TP1\src\main\java\com\TP1\jfreechart-master\src\test\java\org\jfree\data\time\WeekTest.java;org.jfree.data.time;WeekTest;625;71;8,80
C:\Users\Simo\eclipse-workspace\3913TP1\src\main\java\com\TP1\jfreechart-master\src\test\java\org\jfree\data\time\YearTest.java;org.jfree.data.time;YearTest;453;47;9,64
C:\Users\Simo\eclipse-workspace\3913TP1\src\main\java\com\TP1\jfreechart-master\src\test\java\org\jfree\data\xy\CategoryTableXYDatasetTest.java;org.jfree.data.xy;CategoryTableXYDatasetTest;160;38;4,21
C:\Users\Simo\eclipse-workspace\3913TP1\src\main\java\com\TP1\jfreechart-master\src\test\java\org\jfree\data\xy\DefaultHighLowDatasetTest.java;org.jfree.data.xy;DefaultHighLowDatasetTest;161;21;7,67
C:\Users\Simo\eclipse-workspace\3913TP1\src\main\java\com\TP1\jfreechart-master\src\test\java\org\jfree\data\xy\DefaultIntervalXYDatasetTest.java;org.jfree.data.xy;DefaultIntervalXYDatasetTest;311;71;4,38
C:\Users\Simo\eclipse-workspace\3913TP1\src\main\java\com\TP1\jfreechart-master\src\test\java\org\jfree\data\xy\DefaultOHLCDatasetTest.java;org.jfree.data.xy;DefaultOHLCDatasetTest;134;17;7,88
C:\Users\Simo\eclipse-workspace\3913TP1\src\main\java\com\TP1\jfreechart-master\src\test\java\org\jfree\data\xy\DefaultTableXYDatasetTest.java;org.jfree.data.xy;DefaultTableXYDatasetTest;169;31;5,45
C:\Users\Simo\eclipse-workspace\3913TP1\src\main\java\com\TP1\jfreechart-master\src\test\java\org\jfree\data\xy\DefaultWindDatasetTest.java;org.jfree.data.xy;DefaultWindDatasetTest;164;21;7,81
C:\Users\Simo\eclipse-workspace\3913TP1\src\main\java\com\TP1\jfreechart-master\src\test\java\org\jfree\data\xy\DefaultXYDatasetTest.java;org.jfree.data.xy;DefaultXYDatasetTest;189;28;6,75
C:\Users\Simo\eclipse-workspace\3913TP1\src\main\java\com\TP1\jfreechart-master\src\test\java\org\jfree\data\xy\DefaultXYZDatasetTest.java;org.jfree.data.xy;DefaultXYZDatasetTest;195;28;6,96
C:\Users\Simo\eclipse-workspace\3913TP1\src\main\java\com\TP1\jfreechart-master\src\test\java\org\jfree\data\xy\IntervalXYDelegateTest.java;org.jfree.data.xy;IntervalXYDelegateTest;103;12;8,58
C:\Users\Simo\eclipse-workspace\3913TP1\src\main\java\com\TP1\jfreechart-master\src\test\java\org\jfree\data\xy\MatrixSeriesCollectionTest.java;org.jfree.data.xy;MatrixSeriesCollectionTest;102;10;10,20
C:\Users\Simo\eclipse-workspace\3913TP1\src\main\java\com\TP1\jfreechart-master\src\test\java\org\jfree\data\xy\MatrixSeriesTest.java;org.jfree.data.xy;MatrixSeriesTest;144;32;4,50
C:\Users\Simo\eclipse-workspace\3913TP1\src\main\java\com\TP1\jfreechart-master\src\test\java\org\jfree\data\xy\OHLCDataItemTest.java;org.jfree.data.xy;OHLCDataItemTest;74;7;10,57
C:\Users\Simo\eclipse-workspace\3913TP1\src\main\java\com\TP1\jfreechart-master\src\test\java\org\jfree\data\xy\TableXYDatasetTest.java;org.jfree.data.xy;TableXYDatasetTest;226;34;6,65
C:\Users\Simo\eclipse-workspace\3913TP1\src\main\java\com\TP1\jfreechart-master\src\test\java\org\jfree\data\xy\VectorDataItemTest.java;org.jfree.data.xy;VectorDataItemTest;103;16;6,44
C:\Users\Simo\eclipse-workspace\3913TP1\src\main\java\com\TP1\jfreechart-master\src\test\java\org\jfree\data\xy\VectorSeriesCollectionTest.java;org.jfree.data.xy;VectorSeriesCollectionTest;133;20;6,65
C:\Users\Simo\eclipse-workspace\3913TP1\src\main\java\com\TP1\jfreechart-master\src\test\java\org\jfree\data\xy\VectorSeriesTest.java;org.jfree.data.xy;VectorSeriesTest;239;47;5,09
C:\Users\Simo\eclipse-workspace\3913TP1\src\main\java\com\TP1\jfreechart-master\src\test\java\org\jfree\data\xy\VectorTest.java;org.jfree.data.xy;VectorTest;91;10;9,10
C:\Users\Simo\eclipse-workspace\3913TP1\src\main\java\com\TP1\jfreechart-master\src\test\java\org\jfree\data\xy\XIntervalDataItemTest.java;org.jfree.data.xy;XIntervalDataItemTest;103;18;5,72
C:\Users\Simo\eclipse-workspace\3913TP1\src\main\java\com\TP1\jfreechart-master\src\test\java\org\jfree\data\xy\XIntervalSeriesCollectionTest.java;org.jfree.data.xy;XIntervalSeriesCollectionTest;158;17;9,29
C:\Users\Simo\eclipse-workspace\3913TP1\src\main\java\com\TP1\jfreechart-master\src\test\java\org\jfree\data\xy\XIntervalSeriesTest.java;org.jfree.data.xy;XIntervalSeriesTest;258;50;5,16
C:\Users\Simo\eclipse-workspace\3913TP1\src\main\java\com\TP1\jfreechart-master\src\test\java\org\jfree\data\xy\XYBarDatasetTest.java;org.jfree.data.xy;XYBarDatasetTest;117;9;13,00
C:\Users\Simo\eclipse-workspace\3913TP1\src\main\java\com\TP1\jfreechart-master\src\test\java\org\jfree\data\xy\XYCoordinateTest.java;org.jfree.data.xy;XYCoordinateTest;91;10;9,10
C:\Users\Simo\eclipse-workspace\3913TP1\src\main\java\com\TP1\jfreechart-master\src\test\java\org\jfree\data\xy\XYDataItemTest.java;org.jfree.data.xy;XYDataItemTest;79;8;9,88
C:\Users\Simo\eclipse-workspace\3913TP1\src\main\java\com\TP1\jfreechart-master\src\test\java\org\jfree\data\xy\XYIntervalDataItemTest.java;org.jfree.data.xy;XYIntervalDataItemTest;118;24;4,92
C:\Users\Simo\eclipse-workspace\3913TP1\src\main\java\com\TP1\jfreechart-master\src\test\java\org\jfree\data\xy\XYIntervalSeriesCollectionTest.java;org.jfree.data.xy;XYIntervalSeriesCollectionTest;153;18;8,50
C:\Users\Simo\eclipse-workspace\3913TP1\src\main\java\com\TP1\jfreechart-master\src\test\java\org\jfree\data\xy\XYIntervalSeriesTest.java;org.jfree.data.xy;XYIntervalSeriesTest;250;52;4,81
C:\Users\Simo\eclipse-workspace\3913TP1\src\main\java\com\TP1\jfreechart-master\src\test\java\org\jfree\data\xy\XYIntervalTest.java;org.jfree.data.xy;XYIntervalTest;90;13;6,92
C:\Users\Simo\eclipse-workspace\3913TP1\src\main\java\com\TP1\jfreechart-master\src\test\java\org\jfree\data\xy\XYSeriesCollectionTest.java;org.jfree.data.xy;XYSeriesCollectionTest;395;101;3,91
C:\Users\Simo\eclipse-workspace\3913TP1\src\main\java\com\TP1\jfreechart-master\src\test\java\org\jfree\data\xy\XYSeriesTest.java;org.jfree.data.xy;XYSeriesTest;669;188;3,56
C:\Users\Simo\eclipse-workspace\3913TP1\src\main\java\com\TP1\jfreechart-master\src\test\java\org\jfree\data\xy\YIntervalDataItemTest.java;org.jfree.data.xy;YIntervalDataItemTest;108;18;6,00
C:\Users\Simo\eclipse-workspace\3913TP1\src\main\java\com\TP1\jfreechart-master\src\test\java\org\jfree\data\xy\YIntervalSeriesCollectionTest.java;org.jfree.data.xy;YIntervalSeriesCollectionTest;147;14;10,50
C:\Users\Simo\eclipse-workspace\3913TP1\src\main\java\com\TP1\jfreechart-master\src\test\java\org\jfree\data\xy\YIntervalSeriesTest.java;org.jfree.data.xy;YIntervalSeriesTest;236;46;5,13
C:\Users\Simo\eclipse-workspace\3913TP1\src\main\java\com\TP1\jfreechart-master\src\test\java\org\jfree\data\xy\YIntervalTest.java;org.jfree.data.xy;YIntervalTest;82;9;9,11
C:\Users\Simo\eclipse-workspace\3913TP1\src\main\java\com\TP1\jfreechart-master\src\test\java\org\jfree\data\xy\YWithXIntervalTest.java;org.jfree.data.xy;YWithXIntervalTest;82;9;9,11
